config,accuracy,total_time,total_cost,details_csv_filepath
"{'llm': 'gpt-4-32k', 'retriever': <RAGRetriever.RAG: 'RAG'>, 'distance_metric': <DistanceMetric.EUCLIDEAN_DISTANCE: 'EUCLIDEAN_DISTANCE'>, 'num_search_results': 3, 'similarity_search_score_threshold': 0.0, 'text_chunk_size': 512, 'use_weighted_average_of_text_chunks': True}",0.4,545.8934698104858,20.4232636,results/details/gpt-4-32k_RAGRetriever.RAG_DistanceMetric.EUCLIDEAN_DISTANCE_search_results_3_score_threshold_0.0_chunk_size_512_weighted_average_True_details.csv
"{'llm': 'gpt-4-32k', 'retriever': <RAGRetriever.CoALA: 'CoALA'>, 'distance_metric': <DistanceMetric.MAX_INNER_PRODUCT: 'MAX_INNER_PRODUCT'>, 'num_search_results': 3, 'similarity_search_score_threshold': 0.0, 'text_chunk_size': 512, 'use_weighted_average_of_text_chunks': True}",0.4,447.65931034088135,21.3861888,results/details/gpt-4-32k_RAGRetriever.CoALA_DistanceMetric.MAX_INNER_PRODUCT_search_results_3_score_threshold_0.0_chunk_size_512_weighted_average_True_details.csv
"{'llm': 'gpt-4-32k', 'retriever': <RAGRetriever.RAG: 'RAG'>, 'distance_metric': <DistanceMetric.MAX_INNER_PRODUCT: 'MAX_INNER_PRODUCT'>, 'num_search_results': 3, 'similarity_search_score_threshold': 0.0, 'text_chunk_size': 512, 'use_weighted_average_of_text_chunks': True}",0.35,348.56294107437134,19.6231636,results/details/gpt-4-32k_RAGRetriever.RAG_DistanceMetric.MAX_INNER_PRODUCT_search_results_3_score_threshold_0.0_chunk_size_512_weighted_average_True_details.csv
"{'llm': 'gpt-4-32k', 'retriever': <RAGRetriever.CoALA: 'CoALA'>, 'distance_metric': <DistanceMetric.EUCLIDEAN_DISTANCE: 'EUCLIDEAN_DISTANCE'>, 'num_search_results': 3, 'similarity_search_score_threshold': 0.0, 'text_chunk_size': 512, 'use_weighted_average_of_text_chunks': True}",0.35,430.34278416633606,20.7917749,results/details/gpt-4-32k_RAGRetriever.CoALA_DistanceMetric.EUCLIDEAN_DISTANCE_search_results_3_score_threshold_0.0_chunk_size_512_weighted_average_True_details.csv
"{'llm': 'gpt-4-32k', 'retriever': <RAGRetriever.CoALA_AS_TOOL: 'CoALA_AS_TOOL'>, 'distance_metric': <DistanceMetric.EUCLIDEAN_DISTANCE: 'EUCLIDEAN_DISTANCE'>, 'num_search_results': 3, 'similarity_search_score_threshold': 0.0, 'text_chunk_size': 512, 'use_weighted_average_of_text_chunks': True}",0.3,674.764800786972,22.992972,results/details/gpt-4-32k_RAGRetriever.CoALA_AS_TOOL_DistanceMetric.EUCLIDEAN_DISTANCE_search_results_3_score_threshold_0.0_chunk_size_512_weighted_average_True_details.csv
"{'llm': 'gpt-4-32k', 'retriever': <RAGRetriever.NONE: 'NONE'>, 'distance_metric': None, 'num_search_results': None, 'similarity_search_score_threshold': None, 'text_chunk_size': None, 'use_weighted_average_of_text_chunks': None}",0.25,223.85354351997375,1.7191492999999998,results/details/gpt-4-32k_RAGRetriever.NONE_None_search_results_None_score_threshold_None_chunk_size_None_weighted_average_None_details.csv
"{'llm': 'gpt-4-32k', 'retriever': <RAGRetriever.RAG_AS_TOOL: 'RAG_AS_TOOL'>, 'distance_metric': <DistanceMetric.EUCLIDEAN_DISTANCE: 'EUCLIDEAN_DISTANCE'>, 'num_search_results': 3, 'similarity_search_score_threshold': 0.0, 'text_chunk_size': 512, 'use_weighted_average_of_text_chunks': True}",0.25,424.38595843315125,6.994267200000001,results/details/gpt-4-32k_RAGRetriever.RAG_AS_TOOL_DistanceMetric.EUCLIDEAN_DISTANCE_search_results_3_score_threshold_0.0_chunk_size_512_weighted_average_True_details.csv
"{'llm': 'gpt-4-32k', 'retriever': <RAGRetriever.CoALA_AS_TOOL: 'CoALA_AS_TOOL'>, 'distance_metric': <DistanceMetric.MAX_INNER_PRODUCT: 'MAX_INNER_PRODUCT'>, 'num_search_results': 3, 'similarity_search_score_threshold': 0.0, 'text_chunk_size': 512, 'use_weighted_average_of_text_chunks': True}",0.25,438.38590264320374,7.700234399999999,results/details/gpt-4-32k_RAGRetriever.CoALA_AS_TOOL_DistanceMetric.MAX_INNER_PRODUCT_search_results_3_score_threshold_0.0_chunk_size_512_weighted_average_True_details.csv
"{'llm': 'gpt-4-32k', 'retriever': <RAGRetriever.RAG_AS_TOOL: 'RAG_AS_TOOL'>, 'distance_metric': <DistanceMetric.MAX_INNER_PRODUCT: 'MAX_INNER_PRODUCT'>, 'num_search_results': 3, 'similarity_search_score_threshold': 0.0, 'text_chunk_size': 512, 'use_weighted_average_of_text_chunks': True}",0.25,799.7202718257904,18.1999012,results/details/gpt-4-32k_RAGRetriever.RAG_AS_TOOL_DistanceMetric.MAX_INNER_PRODUCT_search_results_3_score_threshold_0.0_chunk_size_512_weighted_average_True_details.csv
